<?xml version="1.0" encoding="utf-8"?>
<phrases>
  <phrase title="style_prop.wuStickyThreadGroupBgColor" version_id="1000000" version_string="1.0.0"><![CDATA[Sticky Thread Group Background Color]]></phrase>
  <phrase title="style_prop.wuStickyThreadGroupBorderColor" version_id="1000000" version_string="1.0.0"><![CDATA[Sticky Thread Group Border Color]]></phrase>
  <phrase title="style_prop.wuStickyThreadGroupBorderStyle" version_id="1000000" version_string="1.0.0"><![CDATA[Sticky Thread Group Border Style]]></phrase>
  <phrase title="style_prop_desc.wuStickyThreadGroupBgColor" version_id="1000000" version_string="1.0.0"><![CDATA[]]></phrase>
  <phrase title="style_prop_desc.wuStickyThreadGroupBorderColor" version_id="1000000" version_string="1.0.0"><![CDATA[]]></phrase>
  <phrase title="style_prop_desc.wuStickyThreadGroupBorderStyle" version_id="1000000" version_string="1.0.0"><![CDATA[]]></phrase>
  <phrase title="style_prop_group.wuSticky" version_id="1000000" version_string="1.0.0"><![CDATA[[Wutime] Sticky Essentials]]></phrase>
  <phrase title="style_prop_group_desc.wuSticky" version_id="1000000" version_string="1.0.0"><![CDATA[]]></phrase>
</phrases>
